{
  "models": {
    "HARD": {
      "ex": 0.426,
      "em": 0.184,
      "constraint_rate": 0.884,
      "h_mean": 0.426,
      "h_var": 0.244524,
      "s_mean": 0.4534773174609847,
      "s_var": 0.240461014203436
    },
    "SOFT": {
      "ex": 0.44,
      "em": 0.198,
      "constraint_rate": 0.864,
      "h_mean": 0.44,
      "h_var": 0.24640000000000004,
      "s_mean": 0.46016042093878107,
      "s_var": 0.2402660527469765
    }
  }
}