{
    "with_cache": {
        "sequential_s": 0.33452466699964134,
        "parallel_s": 0.05071650000172667,
        "speedup": 6.595973046015641
    },
    "without_cache": {
        "sequential_s": 0.6196854589943541,
        "parallel_s": 0.09830187500483589,
        "speedup": 6.303902738008498
    }
}