

{
  "fp32": {
    "n": 100.0,
    "ex": 0.36,
    "lat_mean_s": 3.10924621876009,
    "lat_p50_s": 2.9422886874963297,
    "lat_p90_s": 4.6443048624933
  },
  "int8_dynamic": {
    "n": 100.0,
    "ex": 0.36,
    "lat_mean_s": 1.6536377416309551,
    "lat_p50_s": 1.5392234380124137,
    "lat_p90_s": 2.444481520305272
  },
  "int8_decoder_dynamic": {
    "n": 100.0,
    "ex": 0.38,
    "lat_mean_s": 1.662698087549652,
    "lat_p50_s": 1.5601940420019673,
    "lat_p90_s": 2.4792376961966514
  }
}