{
    "with_cache": {
        "sequential_s": 1.6197940410056617,
        "parallel_s": 0.28795720799826086,
        "speedup": 5.625120663815593
    },
    "without_cache": {
        "sequential_s": 3.1621764579904266,
        "parallel_s": 0.5654552500054706,
        "speedup": 5.592266510850918
    }
}