{
  "models": {
    "HARD": {
      "ex": 0.3188405797101449,
      "em": 0.17681159420289855,
      "constraint_rate": 0.5594202898550724,
      "h_mean": 0.3188405797101449,
      "h_var": 0.21718126444024366,
      "s_mean": 0.336231884057971,
      "s_var": 0.2231800042007982
    },
    "SOFT": {
      "ex": 0.3159420289855073,
      "em": 0.1826086956521739,
      "constraint_rate": 0.5971014492753624,
      "h_mean": 0.3159420289855073,
      "h_var": 0.21612266330602814,
      "s_mean": 0.3404479578392622,
      "s_var": 0.2238244969023453
    }
  }
}