{
    "with_cache": {
        "sequential_s": 0.3300350829999843,
        "parallel_s": 0.05224979099966731,
        "speedup": 6.316486184644944
    },
    "without_cache": {
        "sequential_s": 0.6328970839999783,
        "parallel_s": 0.10039175000019895,
        "speedup": 6.304273847190871
    }
}