{
    "with_cache": {
        "sequential_s": 0.3296728749992326,
        "parallel_s": 0.05122049999772571,
        "speedup": 6.436346287401933
    },
    "without_cache": {
        "sequential_s": 0.6298778749987832,
        "parallel_s": 0.09818595799879404,
        "speedup": 6.415152307283284
    }
}