{
    "with_cache": {
        "sequential_s": 0.34799470800498966,
        "parallel_s": 0.05104583300999366,
        "speedup": 6.81729903275082
    },
    "without_cache": {
        "sequential_s": 0.6452751250035362,
        "parallel_s": 0.09895404199778568,
        "speedup": 6.520957729225207
    }
}