{
    "with_cache": {
        "sequential_s": 1.6461093750112923,
        "parallel_s": 0.3038987079926301,
        "speedup": 5.416638280183845
    },
    "without_cache": {
        "sequential_s": 3.2347460000019055,
        "parallel_s": 0.573711999997613,
        "speedup": 5.638274953313446
    }
}