{
    "with_cache": {
        "sequential_s": 0.019205124997824896,
        "parallel_s": 0.009439333000045735,
        "speedup": 2.0345849646083938
    },
    "without_cache": {
        "sequential_s": 0.004194874993117992,
        "parallel_s": 0.008750250002776738,
        "speedup": 0.47940058761599064
    }
}